<?xml version="1.0" encoding="UTF-8"?>
<manifest xmlns="http://apple.com/itunes/media_archive/manifest" version="1.0" media_archive_version="2.0" media_archive_build_number="3075">
<!-- Playlist Title: Album Name -->
<!-- Playlist Adam ID: 123456789 -->
  <requirements>
    <supported_platforms>
      <platform name="iTunes" minimum_version="9.0"/>
      <platform name="AppleTV" minimum_version="3.0"/>
    </supported_platforms>
  </requirements>
  <library_items>
    <library_item type="song" local_id="vol001_tr001" xid="studio:isrc:123456789" name="Song Name 1"/>
    <library_item type="song" local_id="vol001_tr002" xid="studio:isrc:123456789" name="Song Name 2"/>
    <library_item type="song" local_id="vol001_tr003" xid="studio:isrc:123456789" name="Song Name 3"/>
    <library_item type="song" local_id="vol001_tr004" xid="studio:isrc:123456789" name="Song Name 4"/>
    <library_item type="song" local_id="vol001_tr005" xid="studio:isrc:123456789" name="Song Name 5"/>
    <library_item type="song" local_id="vol001_tr006" xid="studio:isrc:123456789" name="Song Name 6"/>
    <library_item type="song" local_id="vol001_tr007" xid="studio:isrc:123456789" name="Song Name 7"/>
    <library_item type="song" local_id="vol001_tr008" xid="studio:isrc:123456789" name="Song Name 8"/>
    <library_item type="song" local_id="vol001_tr009" xid="studio:isrc:123456789" name="Song Name 9"/>
    <library_item type="video" local_id="vol001_tr010" xid="studio:isrc:123456789" name="Song Name 1"/>
    <library_item type="video" local_id="vol001_tr011" xid="studio:isrc:123456789" name="Song Name 2"/>
  </library_items>
</manifest>
